<!--XML file to hold the vNEXT configurations -->
<vNEXT>
  <USER name="">
    <ProgrammableKeys>
      <Key_1 friendlyName="Open">
        <type>Output</type>
        <allowInAuto>Yes</allowInAuto>
        <pressed>Pulse</pressed>
        <target>doGripperOpen</target>
      </Key_1>
      <Key_2 friendlyName="Close">
        <type>Output</type>
        <allowInAuto>Yes</allowInAuto>
        <pressed>Pulse</pressed>
        <target>doGripperClose</target>
      </Key_2>
      <Key_3 friendlyName="">
        <type>None</type>
        <allowInAuto>No</allowInAuto>
        <pressed />
        <target />
      </Key_3>
      <Key_4 friendlyName="">
        <type>None</type>
        <allowInAuto>No</allowInAuto>
        <pressed />
        <target />
      </Key_4>
    </ProgrammableKeys>
    <BackgroundImage>
      <location>(HOME$)/SampleImage.gif</location>
    </BackgroundImage>
    <BackupRestorePath>
      <LastPath>D:\</LastPath>
    </BackupRestorePath>
    <StartUpAppEvent>
      <SwitchAuto Name="" />
      <SwitchManual Name="" />
      <SwitchManualFS Name="" />
      <Startup Name="" />
    </StartUpAppEvent>
  </USER>
</vNEXT>