<?xml version="1.0" encoding="UTF-8"?>
<SystemProperties>
  <SystemName>1100-500539</SystemName>
  <SerialNo>1100-500539</SerialNo>
  <UsedMedia>
    <Media path="RobotControl_7.8.1" name="RobotControl" version="7.8.1+229" versionName="7.8.1"/>
    <Media path="RobotOS_7.0.1" name="RobotOS" version="7.0.1+0" versionName="7.0.1"/>
    <Media path="Wizard_1.5.0" name="Wizard" version="1.5.0" versionName="1.5.0"/>
    <Media path="CollaborativeSpeedControl_1.1.0" name="CollaborativeSpeedControl" version="1.1.0" versionName="1.1.0"/>
    <Media path="Apps_1.10.0" name="FlexPendantSoftwareUpdate" version="1.10.0+0" versionName="1.10.0"/>
    <Media path="Robots_1.9.0" name="Robots" version="1.9.0+49" versionName="1.9.0"/>
  </UsedMedia>
  <ControlModule>
    <Option descr="UDPUC Driver"/>
    <Option descr="English"/>
    <Option descr="3121-1 RW Add-In Prepared"/>
    <Option descr="3100-1 Advanced Robot Motion"/>
    <Option descr="3150-1 Collision Avoidance"/>
    <Option descr="3107-1 Collision Detection"/>
    <Option descr="3124-1 Externally Guided Motion (EGM)"/>
    <Option descr="3120-2 FlexPendant Essential App Package"/>
    <Option descr="3151-1 FlexPendant Program Package"/>
    <Option descr="3116-1 FTP and SFTP client"/>
    <Option descr="3127-1 Integrated Vision Interface"/>
    <Option descr="3154-1 IoT Data Gateway"/>
    <Option descr="3114-1 Multitasking"/>
    <Option descr="3123-1 Path Corrections"/>
    <Option descr="3113-1 Path Recovery"/>
    <Option descr="3023-2 PROFIsafe Device"/>
    <Option descr="3020-2 PROFINET Device"/>
    <Option descr="3043-3 SafeMove Collaborative"/>
    <Option descr="3108-1 SoftMove"/>
    <Option descr="3106-1 World Zones"/>
    <Option descr="RobotControl Base"/>
  </ControlModule>
  <DriveModule>
    <Name>Robot1</Name>
    <Option descr="Axis Calibration"/>
    <Option descr="Motor Commutation"/>
    <Option descr="Service Info System"/>
    <Option descr="C30/C90XT-A1"/>
  </DriveModule>
  <AdditionalOption>
    <Name>Wizard</Name>
    <Option descr="Wizard"/>
  </AdditionalOption>
  <AdditionalOption>
    <Name>CollaborativeSpeedControl</Name>
    <Option descr="3313-1 Lead-through Device"/>
  </AdditionalOption>
  <AdditionalOption>
    <Name>FlexPendantSoftwareUpdate</Name>
    <Option descr="FlexPendant App Package"/>
  </AdditionalOption>
  <AdditionalOption>
    <Name>Robots</Name>
    <Option descr="CRB 1100-4/0.58"/>
  </AdditionalOption>
</SystemProperties>
